{
	"class_name" : "PinholeCameraParameters",
	"extrinsic" : 
	[
		1.0,
		0.0,
		0.0,
		0.0,
		0.0,
		-0.75091235676057533,
		-0.66040187194183397,
		0.0,
		0.0,
		0.66040187194183397,
		-0.75091235676057533,
		0.0,
		-0.0,
		1.7763568394002505e-15,
		20.0,
		1.0
	],
	"intrinsic" : 
	{
		"height" : 480,
		"intrinsic_matrix" : 
		[
			415.69219381653068,
			0.0,
			0.0,
			0.0,
			415.69219381653068,
			0.0,
			319.5,
			239.5,
			1.0
		],
		"width" : 640
	},
	"version_major" : 1,
	"version_minor" : 0
}